{
    "Player": {
        "bulletSpeed": 2.0,
        "distance": 50.0,
        "floatingAmplitude": 0.30000001192092896,
        "floatingCycle": 60,
        "floatingPadding": 0.0,
        "health": 3,
        "limitMoveRadianY": 0.6000000238418579
    }
}
