{
    "Player": {
        "ArmL Translation": [
            -1.0,
            2.700000047683716,
            0.0
        ],
        "ArmR Translation": [
            1.0,
            2.700000047683716,
            0.0
        ],
        "Head Translation": [
            0.0,
            3.0,
            0.0
        ],
        "floatingAmplitude": 0.5,
        "floatingCycle": 60
    }
}
